dataset,image,method,n_written,MSE,PSNR,SSIM
BOSS,1.bmp,LSB,50184,0.09627151489257812,58.295825551033204,0.9992253770363992
BOSS,1.bmp,ADAPT_GRADIENT,50184,0.09568023681640625,58.32258119307906,0.9998504181474945
BOSS,10.bmp,LSB,50184,0.0954132080078125,58.334718628109414,0.9995099251855343
BOSS,10.bmp,ADAPT_GRADIENT,50184,0.09516143798828125,58.346193648118756,0.999895270283248
BOSS,101.bmp,LSB,50184,0.09557723999023438,58.32725875741076,0.9997116151341765
BOSS,101.bmp,ADAPT_GRADIENT,50184,0.09596633911132812,58.30961433054598,0.9999366543205709
BOSS,11.bmp,LSB,50184,0.0952911376953125,58.340278487814544,0.9993933996302903
BOSS,11.bmp,ADAPT_GRADIENT,50184,0.09590911865234375,58.31220460765752,0.9998664446928781
BOSS,12.bmp,LSB,50184,0.0958099365234375,58.31669808433261,0.9992563340613123
BOSS,12.bmp,ADAPT_GRADIENT,50184,0.09585952758789062,58.31445076484182,0.999768639253269
BOSS,13.bmp,LSB,50184,0.0955963134765625,58.3263921616144,0.9995094656250072
BOSS,13.bmp,ADAPT_GRADIENT,50184,0.09604644775390625,58.305990536109064,0.9998741822751149
BOSS,14.bmp,LSB,50184,0.09600067138671875,58.30806090552013,0.9990037119586086
BOSS,14.bmp,ADAPT_GRADIENT,50184,0.09560394287109375,58.32604557170807,0.9997085448557075
BOSS,15.bmp,LSB,50184,0.09546661376953125,58.33228842590096,0.9990735184578491
BOSS,15.bmp,ADAPT_GRADIENT,50184,0.09550857543945312,58.33037993484857,0.9997587907692643
BOSS,16.bmp,LSB,50184,0.09548187255859375,58.33159433211349,0.9989399474333767
BOSS,16.bmp,ADAPT_GRADIENT,50184,0.096282958984375,58.29530932247475,0.9995756356244675
BOSS,17.bmp,LSB,50184,0.09560775756835938,58.32587228712674,0.9992319198920977
BOSS,17.bmp,ADAPT_GRADIENT,50184,0.09613418579101562,58.30202508471949,0.9998809469297172
BOSS,18.bmp,LSB,50184,0.09543228149414062,58.333850542632284,0.9990669651397471
BOSS,18.bmp,ADAPT_GRADIENT,50184,0.09614181518554688,58.30168043391231,0.9997259078559261
BOSS,19.bmp,LSB,50184,0.09486770629882812,58.35961960485439,0.9993976509186121
BOSS,19.bmp,ADAPT_GRADIENT,50184,0.0957794189453125,58.31808162840899,0.9998930226378523
BOSS,2.bmp,LSB,50184,0.095672607421875,58.322927506608934,0.9987628324367543
BOSS,2.bmp,ADAPT_GRADIENT,50184,0.09553146362304688,58.32933929311379,0.9993676059681935
BOSS,20.bmp,LSB,50184,0.09673690795898438,58.27488159124258,0.9991258301168984
BOSS,20.bmp,ADAPT_GRADIENT,50184,0.09566497802734375,58.32327384775661,0.9996115306458979
BOSS,21.bmp,LSB,50184,0.09521865844726562,58.3435830253906,0.9991596531484982
BOSS,21.bmp,ADAPT_GRADIENT,50184,0.09533309936523438,58.33836648310058,0.9999088443979016
BOSS,22.bmp,LSB,50184,0.09520339965820312,58.344279038023856,0.9993448990168388
BOSS,22.bmp,ADAPT_GRADIENT,50184,0.09555816650390625,58.32812552616307,0.9999215417209113
BOSS,23.bmp,LSB,50184,0.09550094604492188,58.33072687084644,0.9991143183004657
BOSS,23.bmp,ADAPT_GRADIENT,50184,0.09553909301757812,58.32899246794039,0.9999281681461695
BOSS,24.bmp,LSB,50184,0.0959014892578125,58.31255009469633,0.9990762656430877
BOSS,24.bmp,ADAPT_GRADIENT,50184,0.09609603881835938,58.303748749140844,0.9996970611763938
BOSS,25.bmp,LSB,50184,0.0956878662109375,58.322234907162596,0.9991732332123022
BOSS,25.bmp,ADAPT_GRADIENT,50184,0.09587478637695312,58.31375951581421,0.9998562009236156
BOSS,26.bmp,LSB,50184,0.095428466796875,58.33402414584695,0.9996675388649576
BOSS,26.bmp,ADAPT_GRADIENT,50184,0.095428466796875,58.33402414584695,0.9998866448740483
BOSS,27.bmp,LSB,50184,0.095672607421875,58.322927506608934,0.9995957821850631
BOSS,27.bmp,ADAPT_GRADIENT,50184,0.095489501953125,58.33124732681435,0.9998796882296158
BOSS,28.bmp,LSB,50184,0.09560775756835938,58.32587228712674,0.9991786588047331
BOSS,28.bmp,ADAPT_GRADIENT,50184,0.09550094604492188,58.33072687084644,0.9997794854958311
BOSS,29.bmp,LSB,50184,0.09563064575195312,58.32483272480971,0.9996337016932129
BOSS,29.bmp,ADAPT_GRADIENT,50184,0.09558486938476562,58.326912098341374,0.9999313116372521
BOSS,3.bmp,LSB,50184,0.09617996215820312,58.29995759002308,0.9993392523078348
BOSS,3.bmp,ADAPT_GRADIENT,50184,0.09592819213867188,58.31134101028368,0.99978539496616
BOSS,30.bmp,LSB,50184,0.09598541259765625,58.308751248045674,0.9992175775392313
BOSS,30.bmp,ADAPT_GRADIENT,50184,0.09587860107421875,58.31358672074708,0.9998687062530703
BOSS,31.bmp,LSB,50184,0.09503936767578125,58.35176822707144,0.9993187491467078
BOSS,31.bmp,ADAPT_GRADIENT,50184,0.09588241577148438,58.31341393255478,0.9997831339618892
BOSS,32.bmp,LSB,50184,0.0954437255859375,58.3333297746217,0.9990919796833553
BOSS,32.bmp,ADAPT_GRADIENT,50184,0.09523773193359375,58.34271316642982,0.9997340398536878
BOSS,33.bmp,LSB,50184,0.09595489501953125,58.31013226238882,0.99946786868911
BOSS,33.bmp,ADAPT_GRADIENT,50184,0.0954132080078125,58.334718628109414,0.9999372766228978
BOSS,34.bmp,LSB,50184,0.09513092041015625,58.34758662217257,0.9992723912061183
BOSS,34.bmp,ADAPT_GRADIENT,50184,0.09566497802734375,58.32327384775661,0.999827203044404
BOSS,35.bmp,LSB,50184,0.09622573852539062,58.297891079106236,0.9993176352178045
BOSS,35.bmp,ADAPT_GRADIENT,50184,0.09539794921875,58.3354132214446,0.9999042972194832
BOSS,36.bmp,LSB,50184,0.09605789184570312,58.30547309793624,0.9991975453345545
BOSS,36.bmp,ADAPT_GRADIENT,50184,0.09563446044921875,58.324659488613555,0.9999203452036917
BOSS,37.bmp,LSB,50184,0.09558486938476562,58.326912098341374,0.9991548602346625
BOSS,37.bmp,ADAPT_GRADIENT,50184,0.09600448608398438,58.30788833703346,0.9998085358362837
BOSS,38.bmp,LSB,50184,0.09535980224609375,58.337150190959036,0.9994440197788201
BOSS,38.bmp,ADAPT_GRADIENT,50184,0.09608840942382812,58.304093564132614,0.9998635685771751
BOSS,39.bmp,LSB,50184,0.09566879272460938,58.323100673730266,0.9997492167388596
BOSS,39.bmp,ADAPT_GRADIENT,50184,0.09549713134765625,58.330900349239045,0.9999146540223725
BOSS,4.bmp,LSB,50184,0.09630966186523438,58.294105027748266,0.9993161674016294
BOSS,4.bmp,ADAPT_GRADIENT,50184,0.09572219848632812,58.320676962136375,0.9998367722563576
BOSS,40.bmp,LSB,50184,0.09548187255859375,58.33159433211349,0.9991710681964282
BOSS,40.bmp,ADAPT_GRADIENT,50184,0.09600830078125,58.3077157754036,0.9997646219210232
BOSS,41.bmp,LSB,50184,0.0959320068359375,58.31116831141422,0.998638157354299
BOSS,41.bmp,ADAPT_GRADIENT,50184,0.09592437744140625,58.31151371602083,0.99908240655318
BOSS,42.bmp,LSB,50184,0.09608840942382812,58.304093564132614,0.9992880710281201
BOSS,42.bmp,ADAPT_GRADIENT,50184,0.09489822387695312,58.358222766561795,0.9998111966181137
BOSS,43.bmp,LSB,50184,0.09545516967773438,58.332809069049596,0.9991753362157028
BOSS,43.bmp,ADAPT_GRADIENT,50184,0.0950927734375,58.34932846827101,0.9998478947788192
BOSS,44.bmp,LSB,50184,0.0956878662109375,58.322234907162596,0.998830694155321
BOSS,44.bmp,ADAPT_GRADIENT,50184,0.09713363647460938,58.257107127756534,0.9995915392395199
BOSS,45.bmp,LSB,50184,0.09543609619140625,58.333676946356896,0.9992716557346765
BOSS,45.bmp,ADAPT_GRADIENT,50184,0.0951080322265625,58.34863164599611,0.9998413431945959
BOSS,46.bmp,LSB,50184,0.09593582153320312,58.31099561941193,0.9992537627518656
BOSS,46.bmp,ADAPT_GRADIENT,50184,0.09592819213867188,58.31134101028368,0.999822892089746
BOSS,47.bmp,LSB,50184,0.09561538696289062,58.325525738705,0.9990036663083359
BOSS,47.bmp,ADAPT_GRADIENT,50184,0.09640121459960938,58.289978550710444,0.9995518704716051
BOSS,48.bmp,LSB,50184,0.0955352783203125,58.32916587706493,0.9994903807876859
BOSS,48.bmp,ADAPT_GRADIENT,50184,0.09578323364257812,58.31790866129349,0.9998577741148319
BOSS,49.bmp,LSB,50184,0.09582901000976562,58.315833593054585,0.9989299299855827
BOSS,49.bmp,ADAPT_GRADIENT,50184,0.09568023681640625,58.32258119307906,0.9995943766476822
BOSS,5.bmp,LSB,50184,0.09575653076171875,58.31911957579151,0.9992076524556364
BOSS,5.bmp,ADAPT_GRADIENT,50184,0.09621047973632812,58.29857980682746,0.9996899459411811
BOSS,50.bmp,LSB,50184,0.09586334228515625,58.31427794226996,0.9988787538127557
BOSS,50.bmp,ADAPT_GRADIENT,50184,0.0951995849609375,58.34445305861246,0.9994700046809051
BOSS,51.bmp,LSB,50184,0.09477615356445312,58.3638128173802,0.9990608385779208
BOSS,51.bmp,ADAPT_GRADIENT,50184,0.09653854370117188,58.283796177350965,0.9997723764439636
BOSS,52.bmp,LSB,50184,0.09603118896484375,58.30668054958669,0.9989187354105395
BOSS,52.bmp,ADAPT_GRADIENT,50184,0.09580612182617188,58.31687100324004,0.9995115028562479
BOSS,53.bmp,LSB,50184,0.0961151123046875,58.30288683141737,0.9988084629688573
BOSS,53.bmp,ADAPT_GRADIENT,50184,0.094940185546875,58.35630284718925,0.9993465713243245
BOSS,54.bmp,LSB,50184,0.095947265625,58.31047758460258,0.9995875517179773
BOSS,54.bmp,ADAPT_GRADIENT,50184,0.09581375122070312,58.316525172309845,0.9998842544329776
BOSS,55.bmp,LSB,50184,0.09509658813476562,58.34915425222032,0.9991443738417922
BOSS,55.bmp,ADAPT_GRADIENT,50184,0.09592056274414062,58.31168642862626,0.9999221659014517
BOSS,56.bmp,LSB,50184,0.0948333740234375,58.36119158513946,0.9987258850039658
BOSS,56.bmp,ADAPT_GRADIENT,50184,0.09595108032226562,58.31030492006349,0.9992469078990162
BOSS,57.bmp,LSB,50184,0.09569931030273438,58.32171553005341,0.9996352311987381
BOSS,57.bmp,ADAPT_GRADIENT,50184,0.09614944458007812,58.30133581045402,0.9998561112456716
BOSS,58.bmp,LSB,50184,0.096832275390625,58.27060223727216,0.9994609328824181
BOSS,58.bmp,ADAPT_GRADIENT,50184,0.09573745727539062,58.31998472147836,0.9998756361601977
BOSS,59.bmp,LSB,50184,0.09614181518554688,58.30168043391231,0.9992815125430685
BOSS,59.bmp,ADAPT_GRADIENT,50184,0.09577560424804688,58.31825460241355,0.9999022611838925
BOSS,6.bmp,LSB,50184,0.09641647338867188,58.28929118556533,0.9994397253039259
BOSS,6.bmp,ADAPT_GRADIENT,50184,0.09564590454101562,58.32413982148264,0.9999234339337227
BOSS,60.bmp,LSB,50184,0.09546279907226562,58.33246196668216,0.9992821718560722
BOSS,60.bmp,ADAPT_GRADIENT,50184,0.0956268310546875,58.32500596791639,0.9998159558393412
BOSS,61.bmp,LSB,50184,0.09639739990234375,58.29015040899657,0.9995073720098806
BOSS,61.bmp,ADAPT_GRADIENT,50184,0.09659194946289062,58.28139429582231,0.999882865395614
BOSS,62.bmp,LSB,50184,0.09546661376953125,58.33228842590096,0.9991705355336337
BOSS,62.bmp,ADAPT_GRADIENT,50184,0.09606170654296875,58.30530063224438,0.9996252298233116
BOSS,63.bmp,LSB,50184,0.09606170654296875,58.30530063224438,0.9988023975737498
BOSS,63.bmp,ADAPT_GRADIENT,50184,0.09542083740234375,58.33437137309631,0.9995983963865928
BOSS,64.bmp,LSB,50184,0.09614181518554688,58.30168043391231,0.9994131311061659
BOSS,64.bmp,ADAPT_GRADIENT,50184,0.09518051147460938,58.345323266165224,0.9998271127465191
BOSS,65.bmp,LSB,50184,0.09552001953125,58.32985958281179,0.9993548003429418
BOSS,65.bmp,ADAPT_GRADIENT,50184,0.0952911376953125,58.340278487814544,0.9998813252970857
BOSS,66.bmp,LSB,50184,0.09576034545898438,58.318946567333406,0.9990897525977395
BOSS,66.bmp,ADAPT_GRADIENT,50184,0.09595108032226562,58.31030492006349,0.9997511784690833
BOSS,67.bmp,LSB,50184,0.09610748291015625,58.303231577979886,0.9993875658099691
BOSS,67.bmp,ADAPT_GRADIENT,50184,0.09608078002929688,58.304438406503685,0.9999023696719072
BOSS,68.bmp,LSB,50184,0.09555435180664062,58.328298900674326,0.9988979817034592
BOSS,68.bmp,ADAPT_GRADIENT,50184,0.09593963623046875,58.31082293427626,0.9996758512724834
BOSS,69.bmp,LSB,50184,0.09566879272460938,58.323100673730266,0.9990920419377058
BOSS,69.bmp,ADAPT_GRADIENT,50184,0.09679031372070312,58.27248463354291,0.9998064414831879
BOSS,7.bmp,LSB,50184,0.0956573486328125,58.3236202165265,0.9992318649727436
BOSS,7.bmp,ADAPT_GRADIENT,50184,0.09606552124023438,58.30512817340115,0.9998351609742823
BOSS,70.bmp,LSB,50184,0.09529876708984375,58.33993078797697,0.9993023851556372
BOSS,70.bmp,ADAPT_GRADIENT,50184,0.0955963134765625,58.3263921616144,0.9999162411842567
BOSS,71.bmp,LSB,50184,0.09569549560546875,58.321888648855136,0.9990852490854571
BOSS,71.bmp,ADAPT_GRADIENT,50184,0.0960693359375,58.30495572140602,0.9997026887696633
BOSS,72.bmp,LSB,50184,0.095550537109375,58.32847228210713,0.9988534929279901
BOSS,72.bmp,ADAPT_GRADIENT,50184,0.09587478637695312,58.31375951581421,0.9995063580125051
BOSS,73.bmp,LSB,50184,0.09543228149414062,58.333850542632284,0.9990379355793012
BOSS,73.bmp,ADAPT_GRADIENT,50184,0.09517288208007812,58.34567139801463,0.9998039686488853
BOSS,74.bmp,LSB,50184,0.095428466796875,58.33402414584695,0.9996289357473851
BOSS,74.bmp,ADAPT_GRADIENT,50184,0.09586334228515625,58.31427794226996,0.9998278104171683
BOSS,75.bmp,LSB,50184,0.09575653076171875,58.31911957579151,0.9990641235028107
BOSS,75.bmp,ADAPT_GRADIENT,50184,0.096160888671875,58.300818926536294,0.9997613793548764
BOSS,76.bmp,LSB,50184,0.09499359130859375,58.35386054033772,0.9996207554463857
BOSS,76.bmp,ADAPT_GRADIENT,50184,0.09616470336914062,58.30064664556679,0.9997985897391858
BOSS,77.bmp,LSB,50184,0.09564590454101562,58.32413982148264,0.9994104208652568
BOSS,77.bmp,ADAPT_GRADIENT,50184,0.09550094604492188,58.33072687084644,0.9999713778829156
BOSS,78.bmp,LSB,50184,0.09524154663085938,58.34253921554284,0.9995014873460311
BOSS,78.bmp,ADAPT_GRADIENT,50184,0.09564971923828125,58.323966612923016,0.9999195905497023
BOSS,79.bmp,LSB,50184,0.09616851806640625,58.30047437143126,0.9995418091337236
BOSS,79.bmp,ADAPT_GRADIENT,50184,0.09514236450195312,58.347064204542995,0.9998988973770615
BOSS,8.bmp,LSB,50184,0.09617996215820312,58.29995759002308,0.9993858243072632
BOSS,8.bmp,ADAPT_GRADIENT,50184,0.09485626220703125,58.360143535063415,0.9998743472715622
BOSS,80.bmp,LSB,50184,0.09597396850585938,58.30926907696292,0.9994384860671264
BOSS,80.bmp,ADAPT_GRADIENT,50184,0.09596633911132812,58.30961433054598,0.9998444914745642
BOSS,81.bmp,LSB,50184,0.09569931030273438,58.32171553005341,0.9993805306835424
BOSS,81.bmp,ADAPT_GRADIENT,50184,0.095489501953125,58.33124732681435,0.9998186563087912
BOSS,82.bmp,LSB,50184,0.09503936767578125,58.35176822707144,0.9992371431642912
BOSS,82.bmp,ADAPT_GRADIENT,50184,0.0958404541015625,58.315314980875364,0.9998612570313148
BOSS,83.bmp,LSB,50184,0.09581756591796875,58.31635226717122,0.9994619227100167
BOSS,83.bmp,ADAPT_GRADIENT,50184,0.09566497802734375,58.32327384775661,0.9999374160383472
BOSS,84.bmp,LSB,50184,0.09579086303710938,58.31756274772747,0.9991851402681317
BOSS,84.bmp,ADAPT_GRADIENT,50184,0.0963287353515625,58.293245021642555,0.9997658051585192
BOSS,85.bmp,LSB,50184,0.09568023681640625,58.32258119307906,0.99947940402884
BOSS,85.bmp,ADAPT_GRADIENT,50184,0.09502792358398438,58.35229121089373,0.9998420451051933
BOSS,86.bmp,LSB,50184,0.09637069702148438,58.291353607458085,0.9990556241560054
BOSS,86.bmp,ADAPT_GRADIENT,50184,0.09534835815429688,58.33767141730963,0.9996377706667854
BOSS,87.bmp,LSB,50184,0.09531021118164062,58.33940929040966,0.999351510455266
BOSS,87.bmp,ADAPT_GRADIENT,50184,0.0951080322265625,58.34863164599611,0.9998056395800697
BOSS,88.bmp,LSB,50184,0.0959930419921875,58.30840606306603,0.9994375457605313
BOSS,88.bmp,ADAPT_GRADIENT,50184,0.09534454345703125,58.33784517332874,0.9998907927067476
BOSS,89.bmp,LSB,50184,0.096343994140625,58.29255713935411,0.9990246287820604
BOSS,89.bmp,ADAPT_GRADIENT,50184,0.09557342529296875,58.32743209732254,0.9998300890810226
BOSS,9.bmp,LSB,50184,0.09630966186523438,58.294105027748266,0.9995234845119337
BOSS,9.bmp,ADAPT_GRADIENT,50184,0.09524154663085938,58.34253921554284,0.9998726606316406
BOSS,90.bmp,LSB,50184,0.09566497802734375,58.32327384775661,0.9991532902614116
BOSS,90.bmp,ADAPT_GRADIENT,50184,0.09563446044921875,58.324659488613555,0.9997323475481634
BOSS,91.bmp,LSB,50184,0.09563827514648438,58.32448625932735,0.9995274322306215
BOSS,91.bmp,ADAPT_GRADIENT,50184,0.09638214111328125,58.29083791015663,0.9999402037825682
BOSS,92.bmp,LSB,50184,0.0956268310546875,58.32500596791639,0.9987508905704211
BOSS,92.bmp,ADAPT_GRADIENT,50184,0.09554290771484375,58.32881906573961,0.9995335952176377
BOSS,93.bmp,LSB,50184,0.09555816650390625,58.32812552616307,0.9991238818070083
BOSS,93.bmp,ADAPT_GRADIENT,50184,0.09535980224609375,58.337150190959036,0.999874424292284
BOSS,94.bmp,LSB,50184,0.09579849243164062,58.31721686171112,0.9992267530650157
BOSS,94.bmp,ADAPT_GRADIENT,50184,0.09539794921875,58.3354132214446,0.9999044077780025
BOSS,95.bmp,LSB,50184,0.09545135498046875,58.33298263063695,0.9991235074675091
BOSS,95.bmp,ADAPT_GRADIENT,50184,0.09546661376953125,58.33228842590096,0.9997864105211863
BOSS,96.bmp,LSB,50184,0.095489501953125,58.33124732681435,0.99941414846654
BOSS,96.bmp,ADAPT_GRADIENT,50184,0.09537887573242188,58.33628161936376,0.9999417529222688
BOSS,97.bmp,LSB,50184,0.09590911865234375,58.31220460765752,0.9991945297661543
BOSS,97.bmp,ADAPT_GRADIENT,50184,0.0955810546875,58.32708542441723,0.9998462447535851
BOSS,98.bmp,LSB,50184,0.09496307373046875,58.35525597606956,0.9992069402618899
BOSS,98.bmp,ADAPT_GRADIENT,50184,0.095428466796875,58.33402414584695,0.9995884710937125
BOSS,99.bmp,LSB,50184,0.09508132934570312,58.34985115835878,0.9994902022112054
BOSS,99.bmp,ADAPT_GRADIENT,50184,0.095489501953125,58.33124732681435,0.9998704332678313
MED,person16_virus_47.bmp,LSB,50184,0.09604644775390625,58.305990536109064,0.9992769254605282
MED,person16_virus_47.bmp,ADAPT_GRADIENT,50184,0.09479141235351562,58.363113667409834,0.9996443898988211
MED,person17_virus_48.bmp,LSB,50184,0.0958251953125,58.316006477544136,0.9990181709809394
MED,person17_virus_48.bmp,ADAPT_GRADIENT,50184,0.09576034545898438,58.318946567333406,0.999494076102926
MED,person18_virus_49.bmp,LSB,50184,0.09517288208007812,58.34567139801463,0.9990741535691824
MED,person18_virus_49.bmp,ADAPT_GRADIENT,50184,0.09589767456054688,58.31272284852276,0.9996215495787096
MED,person19_virus_50.bmp,LSB,50184,0.09521102905273438,58.343931017764106,0.999039916164293
MED,person19_virus_50.bmp,ADAPT_GRADIENT,50184,0.09579086303710938,58.31756274772747,0.9996684854962061
MED,person20_virus_51.bmp,LSB,50184,0.09641265869140625,58.289463016652775,0.9991153259124275
MED,person20_virus_51.bmp,ADAPT_GRADIENT,50184,0.0962371826171875,58.2973746049829,0.9995999551846129
MED,person21_virus_52.bmp,LSB,50184,0.096405029296875,58.28980669922479,0.9989733367755135
MED,person21_virus_52.bmp,ADAPT_GRADIENT,50184,0.0965576171875,58.28293821001989,0.9995060878165462
MED,person21_virus_53.bmp,LSB,50184,0.09542083740234375,58.33437137309631,0.9990028283254999
MED,person21_virus_53.bmp,ADAPT_GRADIENT,50184,0.09501266479492188,58.35298862063774,0.999611774759645
MED,person22_virus_55.bmp,LSB,50184,0.095794677734375,58.31738980127586,0.9990371858273372
MED,person22_virus_55.bmp,ADAPT_GRADIENT,50184,0.09477615356445312,58.3638128173802,0.9995855711178536
MED,person23_virus_56.bmp,LSB,50184,0.09570693969726562,58.321369313151195,0.9988578281055029
MED,person23_virus_56.bmp,ADAPT_GRADIENT,50184,0.09553909301757812,58.32899246794039,0.9995799186419799
MED,person25_virus_59.bmp,LSB,50184,0.095184326171875,58.34514921070485,0.9988678038764188
MED,person25_virus_59.bmp,ADAPT_GRADIENT,50184,0.095367431640625,58.33680274147534,0.999518343284008
MED,person26_virus_60.bmp,LSB,50184,0.09609222412109375,58.30392115321459,0.9989843614141377
MED,person26_virus_60.bmp,ADAPT_GRADIENT,50184,0.09589385986328125,58.31289560922127,0.9995436871060541
MED,person28_virus_63.bmp,LSB,50184,0.09555816650390625,58.32812552616307,0.9989716143827221
MED,person28_virus_63.bmp,ADAPT_GRADIENT,50184,0.09579086303710938,58.31756274772747,0.999646569908277
MED,person29_virus_64.bmp,LSB,50184,0.09588623046875,58.31324115123674,0.9988798182821141
MED,person29_virus_64.bmp,ADAPT_GRADIENT,50184,0.09584426879882812,58.31514212391027,0.9994511511436686
MED,person30_virus_69.bmp,LSB,50184,0.09518051147460938,58.345323266165224,0.9990392359993481
MED,person30_virus_69.bmp,ADAPT_GRADIENT,50184,0.096221923828125,58.298063250797235,0.9995361586382616
MED,person31_virus_70.bmp,LSB,50184,0.09555816650390625,58.32812552616307,0.9989776791029485
MED,person31_virus_70.bmp,ADAPT_GRADIENT,50184,0.0956268310546875,58.32500596791639,0.9994650719884551
MED,person32_virus_71.bmp,LSB,50184,0.09454345703125,58.37448882404441,0.9989480773992783
MED,person32_virus_71.bmp,ADAPT_GRADIENT,50184,0.09614181518554688,58.30168043391231,0.9995862643062118
MED,person33_virus_72.bmp,LSB,50184,0.09499740600585938,58.353686142392945,0.9988170328315453
MED,person33_virus_72.bmp,ADAPT_GRADIENT,50184,0.09600830078125,58.3077157754036,0.9994249371237465
MED,person34_virus_76.bmp,LSB,50184,0.09590530395507812,58.31237734774143,0.9990747100809585
MED,person34_virus_76.bmp,ADAPT_GRADIENT,50184,0.09590530395507812,58.31237734774143,0.9996275507932968
MED,person35_virus_80.bmp,LSB,50184,0.0950469970703125,58.35141960617469,0.9989218014120455
MED,person35_virus_80.bmp,ADAPT_GRADIENT,50184,0.09558486938476562,58.326912098341374,0.9996427419527051
MED,person36_virus_81.bmp,LSB,50184,0.09555435180664062,58.328298900674326,0.9988080445837615
MED,person36_virus_81.bmp,ADAPT_GRADIENT,50184,0.09514236450195312,58.347064204542995,0.9995504404071025
MED,person37_virus_82.bmp,LSB,50184,0.09577178955078125,58.318427583307724,0.9990356226205904
MED,person37_virus_82.bmp,ADAPT_GRADIENT,50184,0.0962066650390625,58.298752005825094,0.999562137782556
MED,person38_virus_83.bmp,LSB,50184,0.09526824951171875,58.34132175438137,0.9989729443939437
MED,person38_virus_83.bmp,ADAPT_GRADIENT,50184,0.09534835815429688,58.33767141730963,0.9996594420015215
MED,person38_virus_84.bmp,LSB,50184,0.09524917602539062,58.34219133466961,0.998863260822481
MED,person38_virus_84.bmp,ADAPT_GRADIENT,50184,0.09562301635742188,58.32517921793412,0.9996920588110225
MED,person40_virus_87.bmp,LSB,50184,0.095794677734375,58.31738980127586,0.9988962138734053
MED,person40_virus_87.bmp,ADAPT_GRADIENT,50184,0.09515380859375,58.34654184974806,0.9995345993588155
MED,person41_virus_88.bmp,LSB,50184,0.09541702270507812,58.33454499713211,0.9990141952080087
MED,person41_virus_88.bmp,ADAPT_GRADIENT,50184,0.09514236450195312,58.347064204542995,0.9995806454328535
MED,person42_virus_89.bmp,LSB,50184,0.095245361328125,58.34236527162296,0.9989265692151349
MED,person42_virus_89.bmp,ADAPT_GRADIENT,50184,0.09544754028320312,58.3331561991608,0.9995574016027341
MED,person43_virus_92.bmp,LSB,50184,0.09611129760742188,58.30305920127785,0.998988199809299
MED,person43_virus_92.bmp,ADAPT_GRADIENT,50184,0.09552001953125,58.32985958281179,0.9995379082602601
MED,person44_virus_93.bmp,LSB,50184,0.09522247314453125,58.3434090396598,0.9991047585328903
MED,person44_virus_93.bmp,ADAPT_GRADIENT,50184,0.0960235595703125,58.30702559744124,0.9996074912995838
MED,person44_virus_94.bmp,LSB,50184,0.09588241577148438,58.31341393255478,0.9989392404945773
MED,person44_virus_94.bmp,ADAPT_GRADIENT,50184,0.09544754028320312,58.3331561991608,0.9995961489253402
MED,person45_virus_95.bmp,LSB,50184,0.09553146362304688,58.32933929311379,0.9989100296951413
MED,person45_virus_95.bmp,ADAPT_GRADIENT,50184,0.09638214111328125,58.29083791015663,0.99959751226391
MED,person46_virus_96.bmp,LSB,50184,0.09515380859375,58.34654184974806,0.9989280677340948
MED,person46_virus_96.bmp,ADAPT_GRADIENT,50184,0.09588623046875,58.31324115123674,0.9995240407143213
MED,person47_virus_99.bmp,LSB,50184,0.09442901611328125,58.37974896214036,0.9988629618024164
MED,person47_virus_99.bmp,ADAPT_GRADIENT,50184,0.0960540771484375,58.30564557047728,0.9995705417816244
MED,person48_virus_100.bmp,LSB,50184,0.09511566162109375,58.3482832767809,0.9990391105713281
MED,person48_virus_100.bmp,ADAPT_GRADIENT,50184,0.09621810913085938,58.298235429314076,0.9995911286452388
MED,person49_virus_101.bmp,LSB,50184,0.0957183837890625,58.320850039542755,0.9989977211749973
MED,person49_virus_101.bmp,ADAPT_GRADIENT,50184,0.0957794189453125,58.31808162840899,0.9995794974840282
MED,person50_virus_102.bmp,LSB,50184,0.09532928466796875,58.33854026693122,0.9989250508676134
MED,person50_virus_102.bmp,ADAPT_GRADIENT,50184,0.09588241577148438,58.31341393255478,0.9994424859737504
MED,person51_virus_105.bmp,LSB,50184,0.09574508666992188,58.31963864252216,0.9990597557612938
MED,person51_virus_105.bmp,ADAPT_GRADIENT,50184,0.0953826904296875,58.336107925888065,0.9995295825527573
MED,person52_virus_106.bmp,LSB,50184,0.09585189819335938,58.31479643061875,0.9989930144678559
MED,person52_virus_106.bmp,ADAPT_GRADIENT,50184,0.095184326171875,58.34514921070485,0.9995391375097967
MED,person53_virus_107.bmp,LSB,50184,0.09543609619140625,58.333676946356896,0.9988785854374795
MED,person53_virus_107.bmp,ADAPT_GRADIENT,50184,0.09499359130859375,58.35386054033772,0.9994407514710448
MED,person53_virus_108.bmp,LSB,50184,0.094970703125,58.35490707509977,0.9990705113011357
MED,person53_virus_108.bmp,ADAPT_GRADIENT,50184,0.09528732299804688,58.340452348172825,0.9996042813540108
MED,person54_virus_109.bmp,LSB,50184,0.09568405151367188,58.32240804666942,0.9990434123781923
MED,person54_virus_109.bmp,ADAPT_GRADIENT,50184,0.09548568725585938,58.331420825998165,0.9995153046092515
MED,person55_virus_110.bmp,LSB,50184,0.09474563598632812,58.36521145507001,0.9990908172980334
MED,person55_virus_110.bmp,ADAPT_GRADIENT,50184,0.09570693969726562,58.321369313151195,0.9995922148483769
MED,person56_virus_112.bmp,LSB,50184,0.095550537109375,58.32847228210713,0.998922927132861
MED,person56_virus_112.bmp,ADAPT_GRADIENT,50184,0.09564971923828125,58.323966612923016,0.9993759078108847
MED,person59_virus_116.bmp,LSB,50184,0.0953369140625,58.33819270622365,0.9988211459398761
MED,person59_virus_116.bmp,ADAPT_GRADIENT,50184,0.09586334228515625,58.31427794226996,0.9994648938105247
MED,person60_virus_117.bmp,LSB,50184,0.09488296508789062,58.35892112954927,0.9991117802326978
MED,person60_virus_117.bmp,ADAPT_GRADIENT,50184,0.09576416015625,58.31877356576711,0.9995716541575328
MED,person61_virus_118.bmp,LSB,50184,0.09552383422851562,58.32968614598667,0.9989839693906112
MED,person61_virus_118.bmp,ADAPT_GRADIENT,50184,0.09554290771484375,58.32881906573961,0.9995069005647875
MED,person62_virus_119.bmp,LSB,50184,0.09465408325195312,58.36941007274473,0.999073837741109
MED,person62_virus_119.bmp,ADAPT_GRADIENT,50184,0.0954742431640625,58.33194136514088,0.9996020211491681
MED,person65_virus_123.bmp,LSB,50184,0.09545135498046875,58.33298263063695,0.9988141332919497
MED,person65_virus_123.bmp,ADAPT_GRADIENT,50184,0.09539413452148438,58.33558688713768,0.9995510736418518
MED,person66_virus_125.bmp,LSB,50184,0.0955657958984375,58.32777879790302,0.9990842276778915
MED,person66_virus_125.bmp,ADAPT_GRADIENT,50184,0.0962066650390625,58.298752005825094,0.9996373955178479
MED,person67_virus_126.bmp,LSB,50184,0.095367431640625,58.33680274147534,0.9990700543262948
MED,person67_virus_126.bmp,ADAPT_GRADIENT,50184,0.09502029418945312,58.35263990176658,0.9996213399467557
MED,person69_virus_129.bmp,LSB,50184,0.09450912475585938,58.37606619662259,0.9986968075255628
MED,person69_virus_129.bmp,ADAPT_GRADIENT,50184,0.09572982788085938,58.32033082801496,0.9994106580853922
MED,person70_virus_130.bmp,LSB,50184,0.095458984375,58.33263551439818,0.9988542987425786
MED,person70_virus_130.bmp,ADAPT_GRADIENT,50184,0.09576416015625,58.31877356576711,0.9994938306198615
MED,person71_virus_131.bmp,LSB,50184,0.09525299072265625,58.34201740468224,0.9989935181128571
MED,person71_virus_131.bmp,ADAPT_GRADIENT,50184,0.09578704833984375,58.31773570106649,0.9995619031215679
MED,person71_virus_132.bmp,LSB,50184,0.09621429443359375,58.298407614657314,0.9988685726351678
MED,person71_virus_132.bmp,ADAPT_GRADIENT,50184,0.0960845947265625,58.30426598189547,0.9996172181606501
MED,person72_virus_133.bmp,LSB,50184,0.09564590454101562,58.32413982148264,0.999084968750451
MED,person72_virus_133.bmp,ADAPT_GRADIENT,50184,0.09616470336914062,58.30064664556679,0.9995817111097347
MED,person74_virus_135.bmp,LSB,50184,0.09542465209960938,58.334197756001444,0.9989585617251359
MED,person74_virus_135.bmp,ADAPT_GRADIENT,50184,0.09511947631835938,58.348109102651904,0.9994383792643357
MED,person75_virus_136.bmp,LSB,50184,0.09526443481445312,58.34149565651042,0.9990518754041011
MED,person75_virus_136.bmp,ADAPT_GRADIENT,50184,0.09556961059570312,58.32760544415311,0.9995103188912585
MED,person76_virus_138.bmp,LSB,50184,0.095672607421875,58.322927506608934,0.9988316613926762
MED,person76_virus_138.bmp,ADAPT_GRADIENT,50184,0.09539031982421875,58.33576055977558,0.9994822329848088
MED,person77_virus_139.bmp,LSB,50184,0.09626388549804688,58.29616973749867,0.9989791715828978
MED,person77_virus_139.bmp,ADAPT_GRADIENT,50184,0.09526443481445312,58.34149565651042,0.9995378613691747
MED,person78_bacteria_378.bmp,LSB,50184,0.0955047607421875,58.33055339938313,0.9988932027886929
MED,person78_bacteria_378.bmp,ADAPT_GRADIENT,50184,0.09575653076171875,58.31911957579151,0.9993493428897894
MED,person78_bacteria_380.bmp,LSB,50184,0.09572601318359375,58.3205038916273,0.9989000855081501
MED,person78_bacteria_380.bmp,ADAPT_GRADIENT,50184,0.09637832641601562,58.291009802453225,0.9993336326916185
MED,person78_bacteria_381.bmp,LSB,50184,0.09527587890625,58.3409739710123,0.9989134585512943
MED,person78_bacteria_381.bmp,ADAPT_GRADIENT,50184,0.09572982788085938,58.32033082801496,0.9993023204061586
MED,person78_bacteria_382.bmp,LSB,50184,0.09574508666992188,58.31963864252216,0.9990574506967601
MED,person78_bacteria_382.bmp,ADAPT_GRADIENT,50184,0.09593582153320312,58.31099561941193,0.9995716223626931
MED,person78_bacteria_384.bmp,LSB,50184,0.09519195556640625,58.344801120709946,0.9988799860847075
MED,person78_bacteria_384.bmp,ADAPT_GRADIENT,50184,0.0958251953125,58.316006477544136,0.9993037296799459
MED,person78_bacteria_385.bmp,LSB,50184,0.09586334228515625,58.31427794226996,0.9991406684869096
MED,person78_bacteria_385.bmp,ADAPT_GRADIENT,50184,0.09607315063476562,58.30478327625841,0.9996469002978594
MED,person78_bacteria_386.bmp,LSB,50184,0.09569549560546875,58.321888648855136,0.9989115802490891
MED,person78_bacteria_386.bmp,ADAPT_GRADIENT,50184,0.096527099609375,58.284311039119046,0.9993456076578564
MED,person78_bacteria_387.bmp,LSB,50184,0.09519195556640625,58.344801120709946,0.9988437790505286
MED,person78_bacteria_387.bmp,ADAPT_GRADIENT,50184,0.09601211547851562,58.307543220629995,0.9995491055581076
MED,person78_virus_140.bmp,LSB,50184,0.09613037109375,58.30219742038028,0.9989223316295308
MED,person78_virus_140.bmp,ADAPT_GRADIENT,50184,0.09561538696289062,58.325525738705,0.9995923982616995
MED,person79_virus_148.bmp,LSB,50184,0.09517669677734375,58.345497328601624,0.9991418783241272
MED,person79_virus_148.bmp,ADAPT_GRADIENT,50184,0.09564971923828125,58.323966612923016,0.9996443354741625
MED,person80_bacteria_389.bmp,LSB,50184,0.09561920166015625,58.32535247486347,0.9988796601627496
MED,person80_bacteria_389.bmp,ADAPT_GRADIENT,50184,0.09626388549804688,58.29616973749867,0.9993379890462913
MED,person80_bacteria_390.bmp,LSB,50184,0.09624099731445312,58.297202460589865,0.9991297950377218
MED,person80_bacteria_390.bmp,ADAPT_GRADIENT,50184,0.09612274169921875,58.302542112218944,0.9995896285060055
MED,person80_bacteria_391.bmp,LSB,50184,0.09517669677734375,58.345497328601624,0.9990392876953824
MED,person80_bacteria_391.bmp,ADAPT_GRADIENT,50184,0.09574508666992188,58.31963864252216,0.9994465577220412
MED,person80_bacteria_392.bmp,LSB,50184,0.09558486938476562,58.326912098341374,0.9991292662277326
MED,person80_bacteria_392.bmp,ADAPT_GRADIENT,50184,0.096038818359375,58.30633552914408,0.9996400337473808
MED,person80_bacteria_393.bmp,LSB,50184,0.095184326171875,58.34514921070485,0.9990444802331306
MED,person80_bacteria_393.bmp,ADAPT_GRADIENT,50184,0.09564971923828125,58.323966612923016,0.9995926684937421
MED,person81_bacteria_395.bmp,LSB,50184,0.09575271606445312,58.31929259114197,0.9989165563564862
MED,person81_bacteria_395.bmp,ADAPT_GRADIENT,50184,0.09642791748046875,58.2887757330908,0.9993868743075334
MED,person81_bacteria_396.bmp,LSB,50184,0.096649169921875,58.27882232455717,0.9989760485954908
MED,person81_bacteria_396.bmp,ADAPT_GRADIENT,50184,0.09554672241210938,58.328645670462045,0.9994698583099197
MED,person81_bacteria_397.bmp,LSB,50184,0.09645462036132812,58.287573248510085,0.998889484197387
MED,person81_bacteria_397.bmp,ADAPT_GRADIENT,50184,0.09469223022460938,58.36766015539531,0.9992984438200352
MED,person81_bacteria_398.bmp,LSB,50184,0.09600448608398438,58.30788833703346,0.9988778338445498
MED,person81_bacteria_398.bmp,ADAPT_GRADIENT,50184,0.09534835815429688,58.33767141730963,0.9993211703659898
MED,person82_bacteria_402.bmp,LSB,50184,0.09619522094726562,58.299268643788196,0.9989599143589597
MED,person82_bacteria_402.bmp,ADAPT_GRADIENT,50184,0.09573745727539062,58.31998472147836,0.9994706841162613
MED,person82_bacteria_403.bmp,LSB,50184,0.09580612182617188,58.31687100324004,0.9989620298293864
MED,person82_bacteria_403.bmp,ADAPT_GRADIENT,50184,0.0954132080078125,58.334718628109414,0.9994007724326411
MED,person82_bacteria_404.bmp,LSB,50184,0.0957183837890625,58.320850039542755,0.999058971560827
MED,person82_bacteria_404.bmp,ADAPT_GRADIENT,50184,0.0961761474609375,58.300129843659946,0.9994593381862624
MED,person82_bacteria_405.bmp,LSB,50184,0.09535598754882812,58.33732392612533,0.9990301494600977
MED,person82_bacteria_405.bmp,ADAPT_GRADIENT,50184,0.09629058837890625,58.29496520418932,0.9995618093065723
MED,person83_bacteria_407.bmp,LSB,50184,0.09518051147460938,58.345323266165224,0.9990462337386639
MED,person83_bacteria_407.bmp,ADAPT_GRADIENT,50184,0.095703125,58.321542418152276,0.9996473350041838
MED,person83_bacteria_409.bmp,LSB,50184,0.09594345092773438,58.31065025600665,0.9990102930311098
MED,person83_bacteria_409.bmp,ADAPT_GRADIENT,50184,0.0950469970703125,58.35141960617469,0.9995859406188811
MED,person83_bacteria_410.bmp,LSB,50184,0.0953216552734375,58.33888785545588,0.9989035341283798
MED,person83_bacteria_410.bmp,ADAPT_GRADIENT,50184,0.095703125,58.321542418152276,0.9993997264718802
MED,person83_bacteria_411.bmp,LSB,50184,0.09587478637695312,58.31375951581421,0.9990194557104074
MED,person83_bacteria_411.bmp,ADAPT_GRADIENT,50184,0.09571075439453125,58.32119621504962,0.9995803733246925
MED,person83_bacteria_412.bmp,LSB,50184,0.09505844116210938,58.35089672729546,0.9988774409184658
MED,person83_bacteria_412.bmp,ADAPT_GRADIENT,50184,0.09511947631835938,58.348109102651904,0.9993777814517774
MED,person83_bacteria_414.bmp,LSB,50184,0.094879150390625,58.359095737844356,0.9992525275427027
MED,person83_bacteria_414.bmp,ADAPT_GRADIENT,50184,0.09618377685546875,58.299785343218005,0.9996282304479486
MED,person85_bacteria_417.bmp,LSB,50184,0.09514999389648438,58.346715961032345,0.9990015079788834
MED,person85_bacteria_417.bmp,ADAPT_GRADIENT,50184,0.09515380859375,58.34654184974806,0.9995249348000561
MED,person85_bacteria_419.bmp,LSB,50184,0.09603500366210938,58.30650803593916,0.9990618596979811
MED,person85_bacteria_419.bmp,ADAPT_GRADIENT,50184,0.09496307373046875,58.35525597606956,0.9995684872050773
MED,person85_bacteria_421.bmp,LSB,50184,0.09548568725585938,58.331420825998165,0.9989244851449554
MED,person85_bacteria_421.bmp,ADAPT_GRADIENT,50184,0.095855712890625,58.314623594291234,0.999429104740543
MED,person85_bacteria_422.bmp,LSB,50184,0.09551239013671875,58.33020647724219,0.9989821929966206
MED,person85_bacteria_422.bmp,ADAPT_GRADIENT,50184,0.0960235595703125,58.30702559744124,0.9994123293671704
MED,person85_bacteria_423.bmp,LSB,50184,0.0959320068359375,58.31116831141422,0.9989768203850358
MED,person85_bacteria_423.bmp,ADAPT_GRADIENT,50184,0.09521102905273438,58.343931017764106,0.9994031225912934
MED,person85_bacteria_424.bmp,LSB,50184,0.09514999389648438,58.346715961032345,0.9989111691431182
MED,person85_bacteria_424.bmp,ADAPT_GRADIENT,50184,0.09556961059570312,58.32760544415311,0.9994472624934919
MED,person86_bacteria_428.bmp,LSB,50184,0.09548187255859375,58.33159433211349,0.9990002041744205
MED,person86_bacteria_428.bmp,ADAPT_GRADIENT,50184,0.09546279907226562,58.33246196668216,0.9994783967679374
MED,person86_bacteria_429.bmp,LSB,50184,0.09530258178710938,58.33975694849655,0.9989015924872187
MED,person86_bacteria_429.bmp,ADAPT_GRADIENT,50184,0.09595489501953125,58.31013226238882,0.9993555922236443
MED,person87_bacteria_433.bmp,LSB,50184,0.09491348266601562,58.357524515855836,0.9989762667050134
MED,person87_bacteria_433.bmp,ADAPT_GRADIENT,50184,0.09568023681640625,58.32258119307906,0.9994553324445589
MED,person87_bacteria_434.bmp,LSB,50184,0.09548187255859375,58.33159433211349,0.9990428889479299
MED,person87_bacteria_434.bmp,ADAPT_GRADIENT,50184,0.09610366821289062,58.30340396152404,0.9995505162985217
MED,person88_bacteria_437.bmp,LSB,50184,0.09629440307617188,58.29479315527104,0.9989921668518426
MED,person88_bacteria_437.bmp,ADAPT_GRADIENT,50184,0.09549713134765625,58.330900349239045,0.9995111834672978
MED,person88_bacteria_438.bmp,LSB,50184,0.0958099365234375,58.31669808433261,0.9989177824385744
MED,person88_bacteria_438.bmp,ADAPT_GRADIENT,50184,0.09500503540039062,58.3533373675117,0.9994157117002914
MED,person88_bacteria_439.bmp,LSB,50184,0.09494781494140625,58.355953862109786,0.9988939901838454
MED,person88_bacteria_439.bmp,ADAPT_GRADIENT,50184,0.09566116333007812,58.323447028688506,0.9996018324045406
OTHER,20260507_0100_eit171_512.bmp,LSB,50184,0.09488677978515625,58.35874652827403,0.9983086196159817
OTHER,20260507_0100_eit171_512.bmp,ADAPT_GRADIENT,50184,0.09546279907226562,58.33246196668216,0.9997127329249642
OTHER,20260507_0106_eit284_512.bmp,LSB,50184,0.0941925048828125,58.390640145245,0.9986900062723361
OTHER,20260507_0106_eit284_512.bmp,ADAPT_GRADIENT,50184,0.09553909301757812,58.32899246794039,0.9995595851951826
OTHER,20260507_0114_eit195_512.bmp,LSB,50184,0.093841552734375,58.406851757161924,0.9984721921126045
OTHER,20260507_0114_eit195_512.bmp,ADAPT_GRADIENT,50184,0.09495925903320312,58.35543043706618,0.9996721969967206
OTHER,20260507_0119_eit304_512.bmp,LSB,50184,0.0938568115234375,58.40614564467862,0.9981444135293599
OTHER,20260507_0119_eit304_512.bmp,ADAPT_GRADIENT,50184,0.09535598754882812,58.33732392612533,0.9992583370912814
OTHER,20260507_1300_eit171_512.bmp,LSB,50184,0.09410476684570312,58.39468737840748,0.9983163400070242
OTHER,20260507_1300_eit171_512.bmp,ADAPT_GRADIENT,50184,0.09630203247070312,58.294449077880664,0.9997160596140313
OTHER,20260507_1306_eit284_512.bmp,LSB,50184,0.0949859619140625,58.354209357238354,0.9986837224357362
OTHER,20260507_1306_eit284_512.bmp,ADAPT_GRADIENT,50184,0.0958709716796875,58.3139323177567,0.9995620448207648
OTHER,20260507_1314_eit195_512.bmp,LSB,50184,0.09389877319335938,58.40420442710798,0.998471386505439
OTHER,20260507_1314_eit195_512.bmp,ADAPT_GRADIENT,50184,0.09561538696289062,58.325525738705,0.9996802895529299
OTHER,20260507_1319_eit304_512.bmp,LSB,50184,0.09406280517578125,58.39662434573982,0.9981344690215733
OTHER,20260507_1319_eit304_512.bmp,ADAPT_GRADIENT,50184,0.09560394287109375,58.32604557170807,0.999247847669012
OTHER,20260508_0100_eit171_512.bmp,LSB,50184,0.0935821533203125,58.41887326804116,0.9978175338889456
OTHER,20260508_0100_eit171_512.bmp,ADAPT_GRADIENT,50184,0.09552764892578125,58.32951271608752,0.9995802900784893
OTHER,20260508_0106_eit284_512.bmp,LSB,50184,0.09477615356445312,58.3638128173802,0.9986823925998114
OTHER,20260508_0106_eit284_512.bmp,ADAPT_GRADIENT,50184,0.09545516967773438,58.332809069049596,0.9995703434196499
OTHER,20260508_0114_eit195_512.bmp,LSB,50184,0.09469985961914062,58.36731025652153,0.9984607319503026
OTHER,20260508_0114_eit195_512.bmp,ADAPT_GRADIENT,50184,0.09568405151367188,58.32240804666942,0.9996790478945665
OTHER,20260508_0119_eit304_512.bmp,LSB,50184,0.09415435791015625,58.39239934842012,0.9981286637311011
OTHER,20260508_0119_eit304_512.bmp,ADAPT_GRADIENT,50184,0.09575653076171875,58.31911957579151,0.9992440653821038
OTHER,20260508_1300_eit171_512.bmp,LSB,50184,0.09473037719726562,58.36591094286199,0.9983104346043731
OTHER,20260508_1300_eit171_512.bmp,ADAPT_GRADIENT,50184,0.09638595581054688,58.2906660246632,0.9997153918858489
OTHER,20260508_1306_eit284_512.bmp,LSB,50184,0.0945281982421875,58.37518980779527,0.9986817627119976
OTHER,20260508_1306_eit284_512.bmp,ADAPT_GRADIENT,50184,0.0961151123046875,58.30288683141737,0.9995605942765647
OTHER,20260508_1314_eit195_512.bmp,LSB,50184,0.0944366455078125,58.37939808798795,0.9984732014954599
OTHER,20260508_1314_eit195_512.bmp,ADAPT_GRADIENT,50184,0.0959014892578125,58.31255009469633,0.9996792691312633
OTHER,20260508_1320_eit304_512.bmp,LSB,50184,0.09406280517578125,58.39662434573982,0.9981289361374761
OTHER,20260508_1320_eit304_512.bmp,ADAPT_GRADIENT,50184,0.09528732299804688,58.340452348172825,0.9992377696034368
OTHER,20260509_0100_eit171_512.bmp,LSB,50184,0.09316635131835938,58.438212733572044,0.998330000366551
OTHER,20260509_0100_eit171_512.bmp,ADAPT_GRADIENT,50184,0.095611572265625,58.325699009459235,0.9997121048916185
OTHER,20260509_0106_eit284_512.bmp,LSB,50184,0.09504318237304688,58.35159391312496,0.9986788073535168
OTHER,20260509_0106_eit284_512.bmp,ADAPT_GRADIENT,50184,0.09508132934570312,58.34985115835878,0.9995668620698969
OTHER,20260509_0114_eit195_512.bmp,LSB,50184,0.09416580200195312,58.391871512640215,0.9984865089957504
OTHER,20260509_0114_eit195_512.bmp,ADAPT_GRADIENT,50184,0.09571456909179688,58.321023123846985,0.9996748957208846
OTHER,20260509_0119_eit304_512.bmp,LSB,50184,0.0945587158203125,58.3737879534193,0.998137801675854
OTHER,20260509_0119_eit304_512.bmp,ADAPT_GRADIENT,50184,0.09484481811523438,58.36066752848669,0.9992500786681934
OTHER,20260509_1300_eit171_512.bmp,LSB,50184,0.09418487548828125,58.39099192887639,0.9983218557241381
OTHER,20260509_1300_eit171_512.bmp,ADAPT_GRADIENT,50184,0.09648895263671875,58.28602768597292,0.9997027161578714
OTHER,20260509_1306_eit284_512.bmp,LSB,50184,0.09431076049804688,58.38519113959685,0.9986789597602533
OTHER,20260509_1306_eit284_512.bmp,ADAPT_GRADIENT,50184,0.09599685668945312,58.30823348086413,0.9995687760039169
OTHER,20260509_1314_eit195_512.bmp,LSB,50184,0.0943145751953125,58.38501547899784,0.9984856934225065
OTHER,20260509_1314_eit195_512.bmp,ADAPT_GRADIENT,50184,0.09580230712890625,58.31704392903269,0.999672664817616
OTHER,20260509_1319_eit304_512.bmp,LSB,50184,0.09370040893554688,58.413388745899084,0.9981379857272755
OTHER,20260509_1319_eit304_512.bmp,ADAPT_GRADIENT,50184,0.09603118896484375,58.30668054958669,0.99924301925885
OTHER,20260510_0100_eit171_512.bmp,LSB,50184,0.09420394897460938,58.390112523220054,0.9982960226928891
OTHER,20260510_0100_eit171_512.bmp,ADAPT_GRADIENT,50184,0.096038818359375,58.30633552914408,0.9997058417072193
OTHER,20260510_0106_eit284_512.bmp,LSB,50184,0.09437179565429688,58.38238142225714,0.9986763910751375
OTHER,20260510_0106_eit284_512.bmp,ADAPT_GRADIENT,50184,0.09527969360351562,58.34080008977114,0.9995668255548469
OTHER,20260510_0114_eit195_512.bmp,LSB,50184,0.09438323974609375,58.38185480256583,0.9984796975392243
OTHER,20260510_0114_eit195_512.bmp,ADAPT_GRADIENT,50184,0.09652328491210938,58.28448267327321,0.9996753633278386
OTHER,20260510_0119_eit304_512.bmp,LSB,50184,0.09365463256835938,58.41551096517935,0.9981433315785083
OTHER,20260510_0119_eit304_512.bmp,ADAPT_GRADIENT,50184,0.095794677734375,58.31738980127586,0.9992589116088116
OTHER,20260510_1300_eit171_512.bmp,LSB,50184,0.09449386596679688,58.37676743503997,0.9982900302356936
OTHER,20260510_1300_eit171_512.bmp,ADAPT_GRADIENT,50184,0.09490585327148438,58.357873627175884,0.9997093058527414
OTHER,20260510_1306_eit284_512.bmp,LSB,50184,0.09426498413085938,58.387299621162256,0.9986650044453135
OTHER,20260510_1306_eit284_512.bmp,ADAPT_GRADIENT,50184,0.0952301025390625,58.343061089107266,0.9995678649819018
OTHER,20260510_1320_eit304_512.bmp,LSB,50184,0.09444046020507812,58.37922266154158,0.9981251527440794
OTHER,20260510_1320_eit304_512.bmp,ADAPT_GRADIENT,50184,0.09616470336914062,58.30064664556679,0.9992524743316197
OTHER,20260511_0100_eit171_512.bmp,LSB,50184,0.09425735473632812,58.38765113430036,0.9982903582377007
OTHER,20260511_0100_eit171_512.bmp,ADAPT_GRADIENT,50184,0.09617233276367188,58.30030210412916,0.9997155791496489
OTHER,20260511_0106_eit284_512.bmp,LSB,50184,0.09444046020507812,58.37922266154158,0.9986639054534223
OTHER,20260511_0106_eit284_512.bmp,ADAPT_GRADIENT,50184,0.095794677734375,58.31738980127586,0.999572266002345
OTHER,20260511_0114_eit195_512.bmp,LSB,50184,0.09434127807617188,58.383786053704696,0.9984672181609161
OTHER,20260511_0114_eit195_512.bmp,ADAPT_GRADIENT,50184,0.09558486938476562,58.326912098341374,0.999679309725631
OTHER,20260511_0119_eit304_512.bmp,LSB,50184,0.09402847290039062,58.398209780011044,0.9981187144923954
OTHER,20260511_0119_eit304_512.bmp,ADAPT_GRADIENT,50184,0.09617233276367188,58.30030210412916,0.9992536009452152
OTHER,20260511_1300_eit171_512.bmp,LSB,50184,0.09441757202148438,58.38027532652671,0.998286526426297
OTHER,20260511_1300_eit171_512.bmp,ADAPT_GRADIENT,50184,0.09694290161132812,58.265643463587296,0.9997089515785594
OTHER,20260511_1306_eit284_512.bmp,LSB,50184,0.09475326538085938,58.3648617534176,0.9986483921645669
OTHER,20260511_1306_eit284_512.bmp,ADAPT_GRADIENT,50184,0.0962677001953125,58.29599764085626,0.9995614309638804
OTHER,20260511_1314_eit195_512.bmp,LSB,50184,0.09489822387695312,58.358222766561795,0.9984618291882943
OTHER,20260511_1314_eit195_512.bmp,ADAPT_GRADIENT,50184,0.095947265625,58.31047758460258,0.9996738546453878
OTHER,20260511_1319_eit304_512.bmp,LSB,50184,0.09390640258789062,58.403851571662614,0.9981224418680975
OTHER,20260511_1319_eit304_512.bmp,ADAPT_GRADIENT,50184,0.09593963623046875,58.31082293427626,0.9992644318380146
OTHER,20260512_0100_eit171_512.bmp,LSB,50184,0.09452438354492188,58.375365071413164,0.9982937236208062
OTHER,20260512_0100_eit171_512.bmp,ADAPT_GRADIENT,50184,0.09491348266601562,58.357524515855836,0.9997084321903671
OTHER,20260512_0106_eit284_512.bmp,LSB,50184,0.09428787231445312,58.38624525242218,0.9986418088744329
OTHER,20260512_0106_eit284_512.bmp,ADAPT_GRADIENT,50184,0.09532928466796875,58.33854026693122,0.9995632527457804
OTHER,20260512_0114_eit195_512.bmp,LSB,50184,0.09383010864257812,58.407381416875864,0.9984643934074151
OTHER,20260512_0114_eit195_512.bmp,ADAPT_GRADIENT,50184,0.09637069702148438,58.291353607458085,0.9996628555786824
OTHER,20260512_0119_eit304_512.bmp,LSB,50184,0.09450912475585938,58.37606619662259,0.9981141632486271
OTHER,20260512_0119_eit304_512.bmp,ADAPT_GRADIENT,50184,0.09569931030273438,58.32171553005341,0.9992595756399304
OTHER,20260512_1300_eit171_512.bmp,LSB,50184,0.0941009521484375,58.39486343065305,0.9982845945437911
OTHER,20260512_1300_eit171_512.bmp,ADAPT_GRADIENT,50184,0.09551620483398438,58.33003302656345,0.9996862616300654
OTHER,20260512_1306_eit284_512.bmp,LSB,50184,0.09421920776367188,58.38940912688389,0.9986262373739954
OTHER,20260512_1306_eit284_512.bmp,ADAPT_GRADIENT,50184,0.095703125,58.321542418152276,0.9995517269298129
OTHER,20260512_1314_eit195_512.bmp,LSB,50184,0.09392929077148438,58.402793177306684,0.998454998039626
OTHER,20260512_1314_eit195_512.bmp,ADAPT_GRADIENT,50184,0.09526824951171875,58.34132175438137,0.9996481907539232
OTHER,20260512_1320_eit304_512.bmp,LSB,50184,0.0939788818359375,58.40050087401355,0.9981147977733097
OTHER,20260512_1320_eit304_512.bmp,ADAPT_GRADIENT,50184,0.09554290771484375,58.32881906573961,0.9992533334813725
OTHER,20260513_0100_eit171_512.bmp,LSB,50184,0.09487533569335938,58.35927035315987,0.9982695333442798
OTHER,20260513_0100_eit171_512.bmp,ADAPT_GRADIENT,50184,0.09566497802734375,58.32327384775661,0.9996739208025952
OTHER,20260513_0106_eit284_512.bmp,LSB,50184,0.09516143798828125,58.346193648118756,0.9986104893275408
OTHER,20260513_0106_eit284_512.bmp,ADAPT_GRADIENT,50184,0.09598541259765625,58.308751248045674,0.9995486809128432
OTHER,20260513_0114_eit195_512.bmp,LSB,50184,0.09450912475585938,58.37606619662259,0.9984415350310325
OTHER,20260513_0114_eit195_512.bmp,ADAPT_GRADIENT,50184,0.09582138061523438,58.31617936891617,0.9996411874197754
OTHER,20260513_0119_eit304_512.bmp,LSB,50184,0.09415817260742188,58.392223396032,0.9981171138233438
OTHER,20260513_0119_eit304_512.bmp,ADAPT_GRADIENT,50184,0.09612655639648438,58.30236976287991,0.9992468202852912
OTHER,20260513_1300_eit171_512.bmp,LSB,50184,0.09447479248046875,58.37764414231611,0.9982830631819355
OTHER,20260513_1300_eit171_512.bmp,ADAPT_GRADIENT,50184,0.09586334228515625,58.31427794226996,0.9996817445002695
OTHER,20260513_1306_eit284_512.bmp,LSB,50184,0.09438705444335938,58.38167927685825,0.9986112195151686
OTHER,20260513_1306_eit284_512.bmp,ADAPT_GRADIENT,50184,0.09546279907226562,58.33246196668216,0.9995420064529963
OTHER,20260513_1314_eit195_512.bmp,LSB,50184,0.0944366455078125,58.37939808798795,0.9984508004300784
OTHER,20260513_1314_eit195_512.bmp,ADAPT_GRADIENT,50184,0.096221923828125,58.298063250797235,0.9996415933958116
OTHER,20260513_1320_eit304_512.bmp,LSB,50184,0.09412002563476562,58.3939832407838,0.9981095613019404
OTHER,20260513_1320_eit304_512.bmp,ADAPT_GRADIENT,50184,0.095733642578125,58.32015777129883,0.999232623808249
OTHER,20260514_0100_eit171_512.bmp,LSB,50184,0.09394454956054688,58.4020877243396,0.998281057694086
OTHER,20260514_0100_eit171_512.bmp,ADAPT_GRADIENT,50184,0.09614944458007812,58.30133581045402,0.9996741015897246
OTHER,20260514_0106_eit284_512.bmp,LSB,50184,0.09438323974609375,58.38185480256583,0.9986121813192536
OTHER,20260514_0106_eit284_512.bmp,ADAPT_GRADIENT,50184,0.09596633911132812,58.30961433054598,0.999535517502817
OTHER,20260514_0114_eit195_512.bmp,LSB,50184,0.09463119506835938,58.37046036170246,0.9984387211361571
OTHER,20260514_0114_eit195_512.bmp,ADAPT_GRADIENT,50184,0.09620285034179688,58.29892421165073,0.9996341444063884
OTHER,20260514_0119_eit304_512.bmp,LSB,50184,0.09474945068359375,58.36503660072398,0.9981039645031781
OTHER,20260514_0119_eit304_512.bmp,ADAPT_GRADIENT,50184,0.09605789184570312,58.30547309793624,0.9992260992281173
OTHER,20260514_1300_eit171_512.bmp,LSB,50184,0.0941314697265625,58.3934552124763,0.9982681962848687
OTHER,20260514_1300_eit171_512.bmp,ADAPT_GRADIENT,50184,0.095428466796875,58.33402414584695,0.9996801653389509
OTHER,20260514_1306_eit284_512.bmp,LSB,50184,0.09532546997070312,58.33871405771613,0.9986227386908086
OTHER,20260514_1306_eit284_512.bmp,ADAPT_GRADIENT,50184,0.095977783203125,58.30909646046341,0.9995331449220016
OTHER,20260514_1314_eit195_512.bmp,LSB,50184,0.0943603515625,58.382908105813414,0.9984529695124662
OTHER,20260514_1314_eit195_512.bmp,ADAPT_GRADIENT,50184,0.09497451782226562,58.35473263512549,0.9996416317313412
OTHER,20260514_1319_eit304_512.bmp,LSB,50184,0.09392929077148438,58.402793177306684,0.9981152482246876
OTHER,20260514_1319_eit304_512.bmp,ADAPT_GRADIENT,50184,0.09639358520507812,58.29032227408372,0.9992268241121433
OTHER,20260515_0100_eit171_512.bmp,LSB,50184,0.09438323974609375,58.38185480256583,0.9982713428407357
OTHER,20260515_0100_eit171_512.bmp,ADAPT_GRADIENT,50184,0.09636306762695312,58.291697439682075,0.9996763103092152
OTHER,20260515_0106_eit284_512.bmp,LSB,50184,0.09410476684570312,58.39468737840748,0.9986462461908633
OTHER,20260515_0106_eit284_512.bmp,ADAPT_GRADIENT,50184,0.09504318237304688,58.35159391312496,0.9995356344246343
OTHER,20260515_0114_eit195_512.bmp,LSB,50184,0.09477996826171875,58.363638019335504,0.9984557303536299
OTHER,20260515_0114_eit195_512.bmp,ADAPT_GRADIENT,50184,0.09654998779296875,58.283281376613175,0.9996426614104493
OTHER,20260515_0119_eit304_512.bmp,LSB,50184,0.0937652587890625,58.41038404269136,0.9981254712851796
OTHER,20260515_0119_eit304_512.bmp,ADAPT_GRADIENT,50184,0.09557723999023438,58.32725875741076,0.9992291797005739
OTHER,20260515_1300_eit171_512.bmp,LSB,50184,0.094451904296875,58.37869642471492,0.9982678444208435
OTHER,20260515_1300_eit171_512.bmp,ADAPT_GRADIENT,50184,0.0951080322265625,58.34863164599611,0.9996712111958276
OTHER,20260515_1306_eit284_512.bmp,LSB,50184,0.0942840576171875,58.38642096277031,0.9986395570461244
OTHER,20260515_1306_eit284_512.bmp,ADAPT_GRADIENT,50184,0.09560775756835938,58.32587228712674,0.99953000866395
OTHER,20260515_1314_eit195_512.bmp,LSB,50184,0.0943603515625,58.382908105813414,0.9984677756932782
OTHER,20260515_1314_eit195_512.bmp,ADAPT_GRADIENT,50184,0.095916748046875,58.31185914810049,0.9996328272190722
OTHER,20260515_1319_eit304_512.bmp,LSB,50184,0.09436416625976562,58.38273253753093,0.9981118728240553
OTHER,20260515_1319_eit304_512.bmp,ADAPT_GRADIENT,50184,0.09569931030273438,58.32171553005341,0.9992200098240962
OTHER,20260516_0100_eit171_512.bmp,LSB,50184,0.0944976806640625,58.37659211482038,0.998275863997237
OTHER,20260516_0100_eit171_512.bmp,ADAPT_GRADIENT,50184,0.0962066650390625,58.298752005825094,0.9996638767515877
OTHER,20260516_0106_eit284_512.bmp,LSB,50184,0.09459304809570312,58.3722114079398,0.9986401261764782
OTHER,20260516_0106_eit284_512.bmp,ADAPT_GRADIENT,50184,0.09518814086914062,58.34497516221994,0.9995331785496592
OTHER,20260516_0114_eit195_512.bmp,LSB,50184,0.0948486328125,58.36049285698752,0.9984598064014653
OTHER,20260516_0114_eit195_512.bmp,ADAPT_GRADIENT,50184,0.09584808349609375,58.314969273824914,0.9996301744906531
OTHER,20260516_0120_eit304_512.bmp,LSB,50184,0.0940704345703125,58.396272105598584,0.9981191806136331
OTHER,20260516_0120_eit304_512.bmp,ADAPT_GRADIENT,50184,0.09528350830078125,58.34062621549151,0.9992164365773696
OTHER,20260516_1300_eit171_512.bmp,LSB,50184,0.09509658813476562,58.34915425222032,0.9982756315487602
OTHER,20260516_1300_eit171_512.bmp,ADAPT_GRADIENT,50184,0.0956573486328125,58.3236202165265,0.9996684581999532
OTHER,20260516_1306_eit284_512.bmp,LSB,50184,0.094146728515625,58.39275127458368,0.9986669855608518
OTHER,20260516_1306_eit284_512.bmp,ADAPT_GRADIENT,50184,0.09640884399414062,58.28963485453908,0.9995318240900015
OTHER,20260516_1314_eit195_512.bmp,LSB,50184,0.0943603515625,58.382908105813414,0.9984750672247158
OTHER,20260516_1314_eit195_512.bmp,ADAPT_GRADIENT,50184,0.09550094604492188,58.33072687084644,0.999631844951353
OTHER,20260516_1319_eit304_512.bmp,LSB,50184,0.09421157836914062,58.38976081081145,0.9981359220110826
OTHER,20260516_1319_eit304_512.bmp,ADAPT_GRADIENT,50184,0.09621810913085938,58.298235429314076,0.9992366746862075
OTHER,20260517_0100_eit171_512.bmp,LSB,50184,0.0943603515625,58.382908105813414,0.9982829116023298
OTHER,20260517_0100_eit171_512.bmp,ADAPT_GRADIENT,50184,0.09613418579101562,58.30202508471949,0.9996776084534298
OTHER,20260517_0106_eit284_512.bmp,LSB,50184,0.09464645385742188,58.36976014084254,0.9986804653639518
OTHER,20260517_0106_eit284_512.bmp,ADAPT_GRADIENT,50184,0.09561538696289062,58.325525738705,0.9995412400119833
OTHER,20260517_0114_eit195_512.bmp,LSB,50184,0.09440994262695312,58.380626271562775,0.998473609340165
OTHER,20260517_0114_eit195_512.bmp,ADAPT_GRADIENT,50184,0.09563827514648438,58.32448625932735,0.9996441179305717
OTHER,20260517_0119_eit304_512.bmp,LSB,50184,0.09416580200195312,58.391871512640215,0.998140033558969
OTHER,20260517_0119_eit304_512.bmp,ADAPT_GRADIENT,50184,0.09486770629882812,58.35961960485439,0.9992461618266559
OTHER,20260517_1300_eit171_512.bmp,LSB,50184,0.0941162109375,58.39415926448709,0.9982740187954021
OTHER,20260517_1300_eit171_512.bmp,ADAPT_GRADIENT,50184,0.09591293334960938,58.31203187444405,0.999672741066147
OTHER,20260517_1306_eit284_512.bmp,LSB,50184,0.09499359130859375,58.35386054033772,0.9986820181567172
OTHER,20260517_1306_eit284_512.bmp,ADAPT_GRADIENT,50184,0.09637069702148438,58.291353607458085,0.9995351872950498
OTHER,20260517_1314_eit195_512.bmp,LSB,50184,0.09444046020507812,58.37922266154158,0.998468212001252
OTHER,20260517_1314_eit195_512.bmp,ADAPT_GRADIENT,50184,0.0958404541015625,58.315314980875364,0.9996451382300193
OTHER,20260518_0100_eit171_512.bmp,LSB,50184,0.09444808959960938,58.378871829905634,0.998276927330076
OTHER,20260518_0100_eit171_512.bmp,ADAPT_GRADIENT,50184,0.0962982177734375,58.29462111316833,0.99967450903425
OTHER,20260518_0106_eit284_512.bmp,LSB,50184,0.09463882446289062,58.37011023716026,0.9986882618331174
OTHER,20260518_0106_eit284_512.bmp,ADAPT_GRADIENT,50184,0.09619140625,58.29944087010111,0.9995314823391829
OTHER,20260518_0114_eit195_512.bmp,LSB,50184,0.09415435791015625,58.39239934842012,0.9984760920690771
OTHER,20260518_0114_eit195_512.bmp,ADAPT_GRADIENT,50184,0.09577178955078125,58.318427583307724,0.9996480044969742
OTHER,20260518_1300_eit171_512.bmp,LSB,50184,0.0949859619140625,58.354209357238354,0.9982929105242991
OTHER,20260518_1300_eit171_512.bmp,ADAPT_GRADIENT,50184,0.09673690795898438,58.27488159124258,0.99968778435023
OTHER,20260518_1306_eit284_512.bmp,LSB,50184,0.09484100341796875,58.36084220701136,0.9986791154813337
OTHER,20260518_1306_eit284_512.bmp,ADAPT_GRADIENT,50184,0.09554672241210938,58.328645670462045,0.9995312930286236
OTHER,20260518_1314_eit195_512.bmp,LSB,50184,0.09482955932617188,58.36136628474402,0.9984727581795707
OTHER,20260518_1314_eit195_512.bmp,ADAPT_GRADIENT,50184,0.0958251953125,58.316006477544136,0.999648569675118
OTHER,20260519_0100_eit171_512.bmp,LSB,50184,0.09460067749023438,58.37186114220698,0.9982793007487311
OTHER,20260519_0100_eit171_512.bmp,ADAPT_GRADIENT,50184,0.09558486938476562,58.326912098341374,0.9996982305812709
OTHER,20260519_0106_eit284_512.bmp,LSB,50184,0.0944061279296875,58.38080175471609,0.9986682118417494
OTHER,20260519_0106_eit284_512.bmp,ADAPT_GRADIENT,50184,0.09533309936523438,58.33836648310058,0.9995291551465096
OTHER,20260519_0114_eit195_512.bmp,LSB,50184,0.09421920776367188,58.38940912688389,0.9984670535544052
OTHER,20260519_0114_eit195_512.bmp,ADAPT_GRADIENT,50184,0.095001220703125,58.35351175145113,0.9996620845950839
OTHER,20260519_1300_eit171_512.bmp,LSB,50184,0.09386062622070312,58.405969134494725,0.9982952673121046
OTHER,20260519_1300_eit171_512.bmp,ADAPT_GRADIENT,50184,0.09601211547851562,58.307543220629995,0.9997048699258817
OTHER,20260519_1313_eit195_512.bmp,LSB,50184,0.09415817260742188,58.392223396032,0.9984674303769269
OTHER,20260519_1313_eit195_512.bmp,ADAPT_GRADIENT,50184,0.0955963134765625,58.3263921616144,0.9996627412669952
OTHER,20260520_0100_eit171_512.bmp,LSB,50184,0.09484481811523438,58.36066752848669,0.9982806323213282
OTHER,20260520_0100_eit171_512.bmp,ADAPT_GRADIENT,50184,0.0951995849609375,58.34445305861246,0.9997157159254029
OTHER,20260520_0106_eit284_512.bmp,LSB,50184,0.09524917602539062,58.34219133466961,0.9986611031313964
OTHER,20260520_0106_eit284_512.bmp,ADAPT_GRADIENT,50184,0.09608078002929688,58.304438406503685,0.999526098662015
OTHER,20260520_0113_eit195_512.bmp,LSB,50184,0.09409332275390625,58.39521555655579,0.9984575040890683
OTHER,20260520_0113_eit195_512.bmp,ADAPT_GRADIENT,50184,0.09621810913085938,58.298235429314076,0.9996629844916871
